Feature 1,Feature 2,Correlation
Age_at_diagnosis,IDH1,0.5792186332572334
Age_at_diagnosis,ATRX,0.43311746315436306
IDH1,ATRX,0.48822657503121997
TP53,ATRX,0.517402239892647
CIC,FUBP1,0.4719101703015591
